,amt,chg,close,high,low,open,time,volume
0,1043762737.6,0.07000000000000206,12.64,12.75,12.58,12.69,2015-08-14 00:00:00.005,82378929.0
1,852588992.0,-0.10000000000000142,12.54,12.69,12.45,12.61,2015-08-17 00:00:00.005,67964257.0
2,1459671045.1,-0.2699999999999996,12.27,12.74,11.95,12.5,2015-08-18 00:00:00.005,117632440.99999999
3,1157078547.5,-0.03999999999999915,12.23,12.23,11.9,12.1,2015-08-19 00:00:00.005,95889423.0
4,815652760.5,-0.1800000000000015,12.05,12.17,11.9,12.17,2015-08-20 00:00:00.005,67763439.0
5,1095668267.9,-0.5500000000000007,11.5,11.99,11.46,11.9,2015-08-21 00:00:00.005,93336784.0
6,1601529034.6,-1.1500000000000004,10.35,11.17,10.35,11.1,2015-08-24 00:00:00.005,151802968.0
7,2122788584.8,-0.8899999999999988,9.46,10.35,9.32,9.85,2015-08-25 00:00:00.005,219233375.0
8,2460482141.2999997,0.4499999999999993,9.91,10.23,9.3,9.6,2015-08-26 00:00:00.005,249191959.0
9,1912163265.6000001,0.8900000000000006,10.8,10.9,9.86,10.16,2015-08-27 00:00:00.005,184923565.0
10,1728745630.3999999,0.02999999999999936,10.83,11.09,10.55,10.89,2015-08-28 00:00:00.005,160802969.0
11,1578261442.4,0.2400000000000002,11.07,11.07,10.48,10.71,2015-08-31 00:00:00.005,146429725.0
12,3003860703.7999997,0.5,11.57,11.61,10.61,10.9,2015-09-01 00:00:00.005,265766135.0
13,3273803293.0,0.2699999999999996,11.84,12.0,11.06,11.18,2015-09-02 00:00:00.005,281574676.0
14,1544055075.1,-0.9499999999999993,10.89,11.56,10.89,11.55,2015-09-07 00:00:00.005,137611064.0
15,815241863.3,0.10999999999999943,11.0,11.15,10.59,10.88,2015-09-08 00:00:00.005,74729245.0
16,940582957.0,0.09999999999999964,11.1,11.19,10.88,11.03,2015-09-09 00:00:00.005,85107389.0
17,514578386.5,-0.049999999999998934,11.05,11.18,10.94,11.0,2015-09-10 00:00:00.005,46520563.0
18,469297504.8,-0.08999999999999986,10.96,11.12,10.88,11.02,2015-09-11 00:00:00.005,42645078.0
19,813927117.1,-0.09000000000000163,10.87,11.0,10.45,10.99,2015-09-14 00:00:00.005,75645273.0
20,579042247.0,-0.29999999999999893,10.57,10.85,10.5,10.69,2015-09-15 00:00:00.005,54283900.0
21,612767028.5999999,0.33000000000000007,10.9,11.08,10.52,10.59,2015-09-16 00:00:00.005,56924377.0
22,682338188.7,-0.13000000000000078,10.77,11.14,10.77,10.85,2015-09-17 00:00:00.005,62079854.0
23,345063783.70000005,0.040000000000000924,10.81,10.96,10.73,10.84,2015-09-18 00:00:00.005,31827282.0
24,416851084.5,0.009999999999999787,10.82,10.89,10.65,10.7,2015-09-21 00:00:00.005,38611111.0
25,541007302.4000001,0.14000000000000057,10.96,11.06,10.82,10.83,2015-09-22 00:00:00.005,49295560.0
26,399583544.6,-0.26000000000000156,10.7,10.91,10.68,10.86,2015-09-23 00:00:00.005,37115084.0
27,277274187.90000004,0.010000000000001563,10.71,10.81,10.67,10.76,2015-09-24 00:00:00.005,25863255.0
28,471537653.0,-0.16000000000000014,10.55,10.71,10.45,10.69,2015-09-25 00:00:00.005,44642060.0
29,209186171.5,-0.02000000000000135,10.53,10.59,10.43,10.56,2015-09-28 00:00:00.005,19908727.0
30,347612298.59999996,-0.14999999999999858,10.38,10.56,10.32,10.45,2015-09-29 00:00:00.005,33360356.0
31,383230180.0,0.10999999999999943,10.49,10.59,10.39,10.4,2015-09-30 00:00:00.005,36465973.0
32,533806134.1,0.20999999999999908,10.7,10.89,10.7,10.85,2015-10-08 00:00:00.005,49407085.0
33,516310498.0,0.20000000000000107,10.9,10.95,10.72,10.75,2015-10-09 00:00:00.005,47461206.0
34,950602307.7,0.33000000000000007,11.23,11.38,10.91,10.96,2015-10-12 00:00:00.005,84966515.0
35,401600928.8,-0.09999999999999964,11.13,11.26,11.09,11.2,2015-10-13 00:00:00.005,35979819.0
36,462963473.79999995,-0.15000000000000036,10.98,11.15,10.94,11.04,2015-10-14 00:00:00.005,41898065.0
37,539103671.6,0.1899999999999995,11.17,11.17,10.94,10.95,2015-10-15 00:00:00.005,48590050.0
38,640488894.1,0.0600000000000005,11.23,11.3,11.16,11.21,2015-10-16 00:00:00.005,57000144.99999999
39,814910975.0,0.02999999999999936,11.26,11.35,11.15,11.27,2015-10-19 00:00:00.005,72337153.0
40,807642379.7,0.0600000000000005,11.32,11.38,11.19,11.2,2015-10-20 00:00:00.005,71516328.0
41,1523591977.0,-0.09999999999999964,11.22,11.75,11.18,11.29,2015-10-21 00:00:00.005,133262904.0
42,928960028.8,0.10999999999999943,11.33,11.4,11.18,11.25,2015-10-22 00:00:00.005,82280573.0
43,1073981531.3,0.14000000000000057,11.47,11.53,11.34,11.39,2015-10-23 00:00:00.005,93742511.0
44,1260872031.5,0.049999999999998934,11.52,11.81,11.44,11.6,2015-10-26 00:00:00.005,108591754.0
45,664648826.8000001,-0.03999999999999915,11.48,11.64,11.34,11.5,2015-10-27 00:00:00.005,58043637.0
46,619790793.1999999,-0.21000000000000085,11.27,11.48,11.25,11.46,2015-10-28 00:00:00.005,54481117.00000001
47,357830452.0,0.0,11.27,11.36,11.25,11.3,2015-10-29 00:00:00.005,31670368.0
48,607980997.1,0.08999999999999986,11.36,11.42,11.27,11.3,2015-10-30 00:00:00.005,53593072.0
49,544000187.0,-0.21999999999999886,11.14,11.32,11.1,11.27,2015-11-02 00:00:00.005,48443581.0
50,434818762.6,-0.08999999999999986,11.05,11.21,11.01,11.15,2015-11-03 00:00:00.005,39126518.0
51,1493255541.7,0.6399999999999988,11.69,11.7,11.05,11.08,2015-11-04 00:00:00.005,130724419.0
52,2780266755.7999997,0.3800000000000008,12.07,12.57,11.55,11.6,2015-11-05 00:00:00.005,229218979.99999997
53,1781331280.0,0.3199999999999985,12.39,12.41,11.92,12.02,2015-11-06 00:00:00.005,146319495.0
54,3137641551.2000003,0.5499999999999989,12.94,13.38,12.46,12.5,2015-11-09 00:00:00.005,241388779.0
55,1438707529.7,-0.1899999999999995,12.75,13.07,12.61,12.8,2015-11-10 00:00:00.005,112502762.99999999
56,1280174417.2,-0.1999999999999993,12.55,12.78,12.38,12.7,2015-11-11 00:00:00.005,102173507.0
57,833753298.1,-0.15000000000000036,12.4,12.65,12.28,12.6,2015-11-12 00:00:00.005,67113962.0
58,722252994.1999999,-0.16000000000000014,12.24,12.48,12.19,12.22,2015-11-13 00:00:00.005,58755504.0
59,685977382.9,0.09999999999999964,12.34,12.39,12.09,12.13,2015-11-16 00:00:00.005,55984871.0
60,1315319787.3,0.15999999999999837,12.5,12.7,12.36,12.41,2015-11-17 00:00:00.005,104648656.0
61,991513834.8,-0.08000000000000185,12.42,12.7,12.31,12.46,2015-11-18 00:00:00.005,79370476.0
62,585570983.3,0.0799999999999983,12.5,12.51,12.33,12.4,2015-11-19 00:00:00.005,47112067.0
63,747487174.6999999,0.049999999999998934,12.55,12.59,12.42,12.5,2015-11-20 00:00:00.005,59803634.0
64,760493340.6999999,-0.10000000000000142,12.45,12.6,12.38,12.55,2015-11-23 00:00:00.005,60797531.00000001
65,812675943.5,-0.16999999999999815,12.28,12.45,12.16,12.41,2015-11-24 00:00:00.005,66421478.0
66,629507063.6,0.040000000000000924,12.32,12.37,12.17,12.21,2015-11-25 00:00:00.005,51346272.0
67,679692129.9000001,-0.08999999999999986,12.23,12.38,12.2,12.36,2015-11-26 00:00:00.005,55221015.0
68,867702430.5999999,-0.5000000000000018,11.73,12.2,11.53,12.18,2015-11-27 00:00:00.005,72802594.0
69,770221398.4,0.009999999999999787,11.74,11.87,11.5,11.72,2015-11-30 00:00:00.005,65849389.0
70,793118214.1,0.009999999999999787,11.75,11.86,11.51,11.7,2015-12-01 00:00:00.005,68025390.0
71,1978750510.3,0.7599999999999998,12.51,12.64,11.66,11.7,2015-12-02 00:00:00.005,161576086.0
72,1786008972.1,-0.0600000000000005,12.45,12.75,12.25,12.39,2015-12-03 00:00:00.005,142597678.0
73,934906568.6,-0.3299999999999983,12.12,12.38,12.08,12.31,2015-12-04 00:00:00.005,76453245.0
74,488370699.4,0.030000000000001137,12.15,12.25,12.04,12.18,2015-12-07 00:00:00.005,40279265.0
75,602568625.9,-0.19000000000000128,11.96,12.09,11.9,12.07,2015-12-08 00:00:00.005,50310179.0
76,515596474.9,0.029999999999997584,11.99,12.12,11.9,11.92,2015-12-09 00:00:00.005,42938435.0
77,502326072.6,-0.029999999999997584,11.96,12.14,11.91,11.95,2015-12-10 00:00:00.005,41760358.0
78,448800941.40000004,-0.13000000000000256,11.83,11.92,11.73,11.91,2015-12-11 00:00:00.005,37950803.0
79,698791985.0,0.2400000000000002,12.07,12.11,11.71,11.73,2015-12-14 00:00:00.005,58723664.0
80,436557693.7,-0.15000000000000213,11.92,12.09,11.86,12.03,2015-12-15 00:00:00.005,36448735.0
81,468510259.2,-0.02999999999999936,11.89,12.01,11.88,11.98,2015-12-16 00:00:00.005,39276282.0
82,780891801.1,0.17999999999999972,12.07,12.14,11.96,11.97,2015-12-17 00:00:00.005,64827475.0
83,1257360355.9,0.15999999999999837,12.23,12.55,12.02,12.03,2015-12-18 00:00:00.005,102294474.0
84,1595741319.0,0.2799999999999976,12.51,12.72,12.11,12.14,2015-12-21 00:00:00.005,128114212.99999999
85,870121732.1999999,-0.08000000000000007,12.43,12.62,12.38,12.5,2015-12-22 00:00:00.005,69809145.0
86,1302341538.3,0.05000000000000071,12.48,12.78,12.4,12.47,2015-12-23 00:00:00.005,103901823.0
87,791975824.6,-0.14000000000000057,12.34,12.56,12.24,12.46,2015-12-24 00:00:00.005,64022964.0
88,495638053.1,0.06999999999999851,12.41,12.47,12.33,12.38,2015-12-25 00:00:00.005,39984505.0
89,1003010207.4,-0.4299999999999997,11.98,12.46,11.98,12.43,2015-12-28 00:00:00.005,82240863.0
90,744718416.3000001,0.10999999999999943,12.09,12.1,11.97,11.99,2015-12-29 00:00:00.005,61980214.0
91,641277265.4,0.009999999999999787,12.1,12.11,11.95,12.09,2015-12-30 00:00:00.005,53266704.0
92,591643590.6999999,-0.10999999999999766,11.99,12.13,11.98,12.1,2015-12-31 00:00:00.005,49125892.0
93,660376153.1,-0.6599999999999984,11.33,12.03,11.23,12.0,2016-01-04 00:00:00.005,56349787.0
94,755531353.6999999,0.07000000000000028,11.4,11.57,11.15,11.27,2016-01-05 00:00:00.005,66326994.99999999
95,591698520.4000001,0.129999999999999,11.53,11.56,11.39,11.42,2016-01-06 00:00:00.005,51570644.0
96,194869493.5,-0.5899999999999999,10.94,11.41,10.91,11.41,2016-01-07 00:00:00.005,17476110.0
97,831334546.1999999,0.17999999999999972,11.12,11.29,10.9,11.21,2016-01-08 00:00:00.005,74752758.0
98,800683641.0,-0.35999999999999943,10.76,11.08,10.68,11.0,2016-01-11 00:00:00.005,73201399.0
99,605970837.0,0.05000000000000071,10.81,10.91,10.64,10.83,2016-01-12 00:00:00.005,56164230.00000001
100,424371697.70000005,-0.09999999999999964,10.71,10.94,10.7,10.89,2016-01-13 00:00:00.005,39170948.0
101,708535004.7,0.05999999999999872,10.77,10.8,10.48,10.59,2016-01-14 00:00:00.005,66631454.0
102,474908142.0,-0.3099999999999987,10.46,10.8,10.42,10.66,2016-01-15 00:00:00.005,44820214.0
103,439917816.2,-0.05000000000000071,10.41,10.56,10.3,10.34,2016-01-18 00:00:00.005,42104088.0
104,532074699.5,0.3000000000000007,10.71,10.78,10.41,10.45,2016-01-19 00:00:00.005,50110908.0
105,640968946.9,-0.1700000000000017,10.54,10.8,10.44,10.7,2016-01-20 00:00:00.005,60375250.0
106,638127876.8,-0.21999999999999886,10.32,10.75,10.32,10.48,2016-01-21 00:00:00.005,60614511.0
107,482984450.4,0.08000000000000007,10.4,10.45,10.22,10.4,2016-01-22 00:00:00.005,46675214.0
108,390734876.70000005,-0.030000000000001137,10.37,10.44,10.33,10.4,2016-01-25 00:00:00.005,37643172.0
109,653561593.4,-0.5,9.87,10.32,9.86,10.32,2016-01-26 00:00:00.005,64790114.0
110,558510640.9,0.010000000000001563,9.88,9.98,9.6,9.93,2016-01-27 00:00:00.005,56903705.00000001
111,296055319.20000005,-0.19000000000000128,9.69,9.89,9.65,9.82,2016-01-28 00:00:00.005,30254078.000000004
112,540544459.5999999,0.3100000000000005,10.0,10.08,9.69,9.74,2016-01-29 00:00:00.005,54443576.0
113,412635642.6,-0.1999999999999993,9.8,10.01,9.74,9.98,2016-02-01 00:00:00.005,41773214.0
114,367360499.7,0.14999999999999858,9.95,10.03,9.78,9.8,2016-02-02 00:00:00.005,36910416.0
115,269997835.59999996,-0.09999999999999964,9.85,9.89,9.77,9.85,2016-02-03 00:00:00.005,27457217.0
116,370586187.5,0.09999999999999964,9.95,10.0,9.88,9.89,2016-02-04 00:00:00.005,37309947.0
117,269184383.5,-0.02999999999999936,9.92,9.97,9.91,9.96,2016-02-05 00:00:00.005,27089334.000000004
118,271173372.4,-0.13000000000000078,9.79,9.85,9.65,9.66,2016-02-15 00:00:00.005,27849946.000000004
119,427507774.2,0.22000000000000064,10.01,10.03,9.83,9.84,2016-02-16 00:00:00.005,42838638.0
120,590538918.8,0.14000000000000057,10.15,10.22,9.99,10.03,2016-02-17 00:00:00.005,58516706.00000001
121,412337569.8,-0.0600000000000005,10.09,10.22,10.09,10.18,2016-02-18 00:00:00.005,40617824.0
122,320939652.0,-0.05000000000000071,10.04,10.14,9.99,10.09,2016-02-19 00:00:00.005,31889825.0
123,630251514.5,0.25,10.29,10.31,10.06,10.13,2016-02-22 00:00:00.005,61773944.99999999
124,432315311.4,-0.16999999999999993,10.12,10.29,10.05,10.29,2016-02-23 00:00:00.005,42587437.0
125,302498026.1,0.030000000000001137,10.15,10.15,10.01,10.06,2016-02-24 00:00:00.005,30010359.999999996
126,615004743.3,-0.4800000000000004,9.67,10.13,9.6,10.12,2016-02-25 00:00:00.005,62207284.0
127,382634662.7,0.11999999999999922,9.79,9.83,9.66,9.77,2016-02-26 00:00:00.005,39215441.0
128,542183971.8000001,-0.22999999999999865,9.56,9.81,9.42,9.79,2016-02-29 00:00:00.005,56689639.0
129,365149008.0,0.1399999999999988,9.7,9.77,9.58,9.62,2016-03-01 00:00:00.005,37791080.0
130,673626229.3,0.40000000000000036,10.1,10.13,9.72,9.75,2016-03-02 00:00:00.005,67661373.0
131,559045201.6,0.009999999999999787,10.11,10.18,10.04,10.09,2016-03-03 00:00:00.005,55308940.0
132,1429273062.6999998,0.2900000000000009,10.4,10.5,10.07,10.09,2016-03-04 00:00:00.005,138124907.0
133,630155599.2,-0.0600000000000005,10.34,10.49,10.3,10.35,2016-03-07 00:00:00.005,60635297.0
134,650471607.4,-0.0600000000000005,10.28,10.36,9.94,10.36,2016-03-08 00:00:00.005,64315646.0
135,330124892.40000004,-0.10999999999999943,10.17,10.22,10.04,10.14,2016-03-09 00:00:00.005,32590065.000000004
136,486414240.70000005,-0.019999999999999574,10.15,10.35,10.13,10.24,2016-03-10 00:00:00.005,47402030.0
137,389638934.20000005,0.009999999999999787,10.16,10.22,10.04,10.1,2016-03-11 00:00:00.005,38373672.0
138,679161305.0,0.09999999999999964,10.26,10.46,10.21,10.21,2016-03-14 00:00:00.005,65515822.0
139,428786691.79999995,0.0600000000000005,10.32,10.36,10.16,10.28,2016-03-15 00:00:00.005,41792037.0
140,690087713.1,0.02999999999999936,10.35,10.45,10.25,10.27,2016-03-16 00:00:00.005,66488619.99999999
141,635181313.5,0.07000000000000028,10.42,10.48,10.3,10.36,2016-03-17 00:00:00.005,61099638.0
142,836565552.8,0.11999999999999922,10.54,10.57,10.4,10.42,2016-03-18 00:00:00.005,79721581.0
143,987764461.9,0.26000000000000156,10.8,10.86,10.55,10.55,2016-03-21 00:00:00.005,92043281.0
144,675406611.4000001,-0.08000000000000007,10.72,10.94,10.69,10.77,2016-03-22 00:00:00.005,62548248.0
145,458963272.7,-0.02000000000000135,10.7,10.77,10.61,10.71,2016-03-23 00:00:00.005,43027816.0
146,393411544.5,-0.17999999999999972,10.52,10.63,10.5,10.61,2016-03-24 00:00:00.005,37240624.0
147,250338489.6,0.07000000000000028,10.59,10.6,10.5,10.51,2016-03-25 00:00:00.005,23707049.0
148,378973327.5,-0.10999999999999943,10.48,10.65,10.45,10.62,2016-03-28 00:00:00.005,35862101.0
149,332422397.1,-0.05000000000000071,10.43,10.52,10.38,10.51,2016-03-29 00:00:00.005,31831787.0
150,572627417.0999999,0.2699999999999996,10.7,10.7,10.47,10.48,2016-03-30 00:00:00.005,53969998.0
151,447266281.7,-0.05999999999999872,10.64,10.75,10.64,10.71,2016-03-31 00:00:00.005,41838792.0
152,391830399.3,0.019999999999999574,10.66,10.69,10.5,10.62,2016-04-01 00:00:00.005,36934188.0
153,632378859.3,0.03999999999999915,10.7,10.81,10.5,10.62,2016-04-05 00:00:00.005,59230864.0
154,464962437.09999996,0.02000000000000135,10.72,10.75,10.61,10.68,2016-04-06 00:00:00.005,43525954.0
155,401949050.6,-0.13000000000000078,10.59,10.73,10.59,10.72,2016-04-07 00:00:00.005,37771959.0
156,397998243.9,-0.019999999999999574,10.57,10.67,10.5,10.55,2016-04-08 00:00:00.005,37655386.0
157,840486348.2,0.15000000000000036,10.72,10.8,10.6,10.6,2016-04-11 00:00:00.005,78638602.0
158,318538001.8,-0.05000000000000071,10.67,10.71,10.62,10.7,2016-04-12 00:00:00.005,29859953.999999996
159,929858588.5,0.14000000000000057,10.81,10.97,10.71,10.73,2016-04-13 00:00:00.005,85676036.0
160,350702741.5,0.02999999999999936,10.84,10.9,10.79,10.88,2016-04-14 00:00:00.005,32364630.0
161,541052858.4,0.040000000000000924,10.88,10.94,10.8,10.84,2016-04-15 00:00:00.005,49722404.0
162,377791436.8,-0.15000000000000036,10.73,10.85,10.73,10.82,2016-04-18 00:00:00.005,35065401.0
163,234479844.3,0.03999999999999915,10.77,10.81,10.71,10.77,2016-04-19 00:00:00.005,21823994.0
164,640149677.1,-0.25,10.52,10.78,10.36,10.77,2016-04-20 00:00:00.005,60658625.0
165,588731547.5,-0.009999999999999787,10.51,10.63,10.45,10.52,2016-04-21 00:00:00.005,55879919.99999999
166,379176139.29999995,0.040000000000000924,10.55,10.62,10.41,10.46,2016-04-22 00:00:00.005,35967712.0
167,366533376.70000005,-0.05000000000000071,10.5,10.56,10.42,10.56,2016-04-25 00:00:00.005,34925775.0
168,306962513.0,0.08999999999999986,10.59,10.6,10.46,10.48,2016-04-26 00:00:00.005,29169938.0
169,253308584.1,-0.019999999999999574,10.57,10.61,10.52,10.58,2016-04-27 00:00:00.005,23955393.0
170,487261220.5,0.08999999999999986,10.66,10.76,10.54,10.58,2016-04-28 00:00:00.005,45746041.0
171,428582155.0,-0.08999999999999986,10.57,10.64,10.55,10.64,2016-04-29 00:00:00.005,40497767.0
172,521137502.4,0.10999999999999943,10.68,10.72,10.52,10.58,2016-05-03 00:00:00.005,48910210.0
173,441848167.7,0.040000000000000924,10.72,10.75,10.66,10.68,2016-05-04 00:00:00.005,41243559.0
174,256002095.89999998,0.0,10.72,10.72,10.65,10.69,2016-05-05 00:00:00.005,23951683.0
175,367408584.5,-0.20000000000000107,10.52,10.73,10.52,10.73,2016-05-06 00:00:00.005,34654514.0
176,428356624.1,-0.16999999999999993,10.35,10.53,10.32,10.5,2016-05-09 00:00:00.005,41117102.0
177,301767208.0,-0.07000000000000028,10.28,10.37,10.27,10.34,2016-05-10 00:00:00.005,29259978.000000004
178,339005275.8,0.08999999999999986,10.37,10.44,10.3,10.3,2016-05-11 00:00:00.005,32728951.0
179,336792700.59999996,0.010000000000001563,10.38,10.4,10.25,10.31,2016-05-12 00:00:00.005,32588550.0
180,191007255.70000002,-0.030000000000001137,10.35,10.4,10.33,10.35,2016-05-13 00:00:00.005,18426611.0
181,221931208.1,0.009999999999999787,10.36,10.36,10.25,10.32,2016-05-16 00:00:00.005,21522468.0
182,257859629.0,-0.05999999999999872,10.3,10.37,10.24,10.36,2016-05-17 00:00:00.005,25042422.0
183,547076639.4,0.0,10.3,10.32,10.17,10.29,2016-05-18 00:00:00.005,53415062.0
184,175591500.39999998,-0.05000000000000071,10.25,10.32,10.25,10.27,2016-05-19 00:00:00.005,17077776.0
185,212277642.0,0.05000000000000071,10.3,10.33,10.19,10.24,2016-05-20 00:00:00.005,20670377.0
186,333300178.5,-0.02000000000000135,10.28,10.34,10.25,10.33,2016-05-23 00:00:00.005,32364676.0
187,265042286.9,-0.06999999999999851,10.21,10.28,10.19,10.27,2016-05-24 00:00:00.005,25929404.0
188,209019882.0,0.019999999999999574,10.23,10.28,10.19,10.25,2016-05-25 00:00:00.005,20423540.0
189,266736775.8,-0.009999999999999787,10.22,10.27,10.17,10.22,2016-05-26 00:00:00.005,26139653.0
190,228377555.0,0.049999999999998934,10.27,10.29,10.19,10.22,2016-05-27 00:00:00.005,22281892.0
191,390119748.2,0.009999999999999787,10.28,10.28,10.2,10.25,2016-05-30 00:00:00.005,38094687.0
192,991668174.8000001,0.27000000000000135,10.55,10.57,10.26,10.26,2016-05-31 00:00:00.005,94646716.0
193,584161145.1,-0.07000000000000028,10.48,10.55,10.44,10.51,2016-06-01 00:00:00.005,55675091.0
194,306269383.4,-0.019999999999999574,10.46,10.48,10.42,10.47,2016-06-02 00:00:00.005,29303621.999999996
195,443039581.0,0.03999999999999915,10.5,10.52,10.41,10.47,2016-06-03 00:00:00.005,42338929.0
196,354998364.1,0.009999999999999787,10.51,10.53,10.45,10.51,2016-06-06 00:00:00.005,33833201.0
197,240887148.7,0.009999999999999787,10.52,10.53,10.48,10.52,2016-06-07 00:00:00.005,22928215.0
198,281651740.9,-0.019999999999999574,10.5,10.54,10.46,10.54,2016-06-08 00:00:00.005,26818824.0
199,358996277.5,-0.16999999999999993,10.33,10.47,10.33,10.46,2016-06-13 00:00:00.005,34481683.0
200,283578296.5,0.07000000000000028,10.4,10.41,10.32,10.34,2016-06-14 00:00:00.005,27363726.0
201,394033686.09999996,0.03999999999999915,10.44,10.48,10.32,10.33,2016-06-15 00:00:00.005,37817241.0
202,331192444.7,1.613238076458856e-08,8.57,8.6,8.53,8.57,2016-06-16 00:00:00.005,38667008.0
203,270236698.0,0.009999999999999787,8.58,8.61,8.54,8.57,2016-06-17 00:00:00.005,31517300.0
204,232205297.9,0.019999999999999574,8.6,8.6,8.56,8.59,2016-06-20 00:00:00.005,27073158.0
205,327940703.4,0.009999999999999787,8.61,8.65,8.58,8.61,2016-06-21 00:00:00.005,38074985.0
206,413947368.59999996,0.120000000000001,8.73,8.73,8.58,8.6,2016-06-22 00:00:00.005,47800201.0
207,290490407.0,-0.07000000000000028,8.66,8.7,8.63,8.67,2016-06-23 00:00:00.005,33561422.0
208,367771053.9,-0.08999999999999986,8.57,8.7,8.52,8.64,2016-06-24 00:00:00.005,42766409.0
209,280044073.2,0.03999999999999915,8.61,8.64,8.54,8.57,2016-06-27 00:00:00.005,32521418.0
210,289122214.0,0.02000000000000135,8.63,8.64,8.56,8.58,2016-06-28 00:00:00.005,33651928.0
211,319908689.59999996,0.05999999999999872,8.69,8.69,8.62,8.63,2016-06-29 00:00:00.005,36961156.0
212,315051854.70000005,0.009999999999999787,8.7,8.74,8.66,8.69,2016-06-30 00:00:00.005,36220487.0
213,303652375.3,0.010000000000001563,8.71,8.73,8.68,8.69,2016-07-01 00:00:00.005,34893019.0
214,534656909.6,0.09999999999999964,8.81,8.86,8.67,8.69,2016-07-04 00:00:00.005,60825712.0
215,371422814.8,0.0,8.81,8.83,8.77,8.8,2016-07-05 00:00:00.005,42203729.0
216,283827375.79999995,-0.02000000000000135,8.79,8.82,8.76,8.8,2016-07-06 00:00:00.005,32295017.0
217,274337185.79999995,-0.009999999999999787,8.78,8.8,8.74,8.79,2016-07-07 00:00:00.005,31285308.0
218,228778674.1,-0.03999999999999915,8.74,8.79,8.73,8.79,2016-07-08 00:00:00.005,26134229.0
219,320333760.7,0.009999999999999787,8.75,8.79,8.74,8.75,2016-07-11 00:00:00.005,36537252.0
220,627505578.4,0.13000000000000078,8.88,8.89,8.74,8.75,2016-07-12 00:00:00.005,71183240.0
221,716797025.3,0.10999999999999943,8.99,9.05,8.86,8.88,2016-07-13 00:00:00.005,79828864.0
222,321889343.3,-0.05000000000000071,8.94,9.0,8.91,8.97,2016-07-14 00:00:00.005,35969939.0
223,315555253.5,0.05000000000000071,8.99,9.0,8.91,8.95,2016-07-15 00:00:00.005,35203395.0
224,457358031.4,0.049999999999998934,9.04,9.08,8.97,8.99,2016-07-18 00:00:00.005,50693492.0
225,326046531.0,-0.06999999999999851,8.97,9.05,8.95,9.04,2016-07-19 00:00:00.005,36278781.0
226,278737194.1,-0.009999999999999787,8.96,8.99,8.95,8.96,2016-07-20 00:00:00.005,31092640.999999996
227,305710332.79999995,0.02999999999999936,8.99,9.01,8.95,8.95,2016-07-21 00:00:00.005,34026127.0
228,264379250.4,-0.05000000000000071,8.94,8.99,8.92,8.99,2016-07-22 00:00:00.005,29554964.0
229,236937494.10000002,0.040000000000000924,8.98,8.98,8.91,8.93,2016-07-25 00:00:00.005,26468286.0
230,494506420.09999996,0.129999999999999,9.11,9.12,8.97,8.97,2016-07-26 00:00:00.005,54655692.00000001
231,741263303.0,-0.09999999999999964,9.01,9.17,8.91,9.12,2016-07-27 00:00:00.005,81867834.0
232,434490536.59999996,0.07000000000000028,9.08,9.11,8.97,8.98,2016-07-28 00:00:00.005,47991038.0
233,614972669.3,0.11999999999999922,9.2,9.24,9.03,9.08,2016-07-29 00:00:00.005,67142534.0
234,702466616.0,0.08000000000000007,9.28,9.34,9.17,9.18,2016-08-01 00:00:00.005,75932441.0
235,413484595.09999996,-0.02999999999999936,9.25,9.26,9.17,9.24,2016-08-02 00:00:00.005,44916516.0
236,389817535.09999996,-0.07000000000000028,9.18,9.22,9.15,9.21,2016-08-03 00:00:00.005,42462218.0
237,1210346973.6,-0.1899999999999995,8.99,9.18,8.93,9.17,2016-08-04 00:00:00.005,134446207.0
238,654998092.9000001,0.049999999999998934,9.04,9.07,8.95,8.99,2016-08-05 00:00:00.005,72594819.0
239,361191045.3,0.07000000000000028,9.11,9.11,9.01,9.04,2016-08-08 00:00:00.005,39847930.0
240,378720688.29999995,0.040000000000000924,9.15,9.15,9.07,9.09,2016-08-09 00:00:00.005,41567631.0
241,399656990.6,-0.009999999999999787,9.14,9.18,9.12,9.15,2016-08-10 00:00:00.005,43665545.0
242,866594867.9,0.08000000000000007,9.22,9.35,9.13,9.14,2016-08-11 00:00:00.005,93557601.0
243,1282336292.0,0.27999999999999936,9.5,9.53,9.18,9.2,2016-08-12 00:00:00.005,137002155.0
244,1835196865.6,0.17999999999999972,9.68,9.8,9.51,9.55,2016-08-15 00:00:00.005,189755226.0
245,1050479545.3000001,-0.16000000000000014,9.52,9.68,9.46,9.68,2016-08-16 00:00:00.005,109955862.00000001
246,534926047.0,0.030000000000001137,9.55,9.6,9.48,9.52,2016-08-17 00:00:00.005,56072536.0
247,658183955.0,-0.05000000000000071,9.5,9.59,9.43,9.56,2016-08-18 00:00:00.005,69150431.0
248,478779724.2,0.009999999999999787,9.51,9.52,9.43,9.49,2016-08-19 00:00:00.005,50533453.0
249,922426435.1,-0.10999999999999943,9.4,9.51,9.36,9.5,2016-08-22 00:00:00.005,97943273.0
250,838185900.6,0.0,9.4,9.45,9.37,9.38,2016-08-23 00:00:00.005,89065673.0
251,688971683.1,0.02999999999999936,9.43,9.43,9.38,9.41,2016-08-24 00:00:00.005,73228127.0
252,580648481.9,0.009999999999999787,9.44,9.45,9.34,9.42,2016-08-25 00:00:00.005,61738960.0
253,473688076.59999996,0.009999999999999787,9.45,9.47,9.4,9.45,2016-08-26 00:00:00.005,50223385.0
254,532295361.99999994,-0.02999999999999936,9.42,9.45,9.38,9.41,2016-08-29 00:00:00.005,56523188.0
255,561854066.3,0.05000000000000071,9.47,9.47,9.41,9.42,2016-08-30 00:00:00.005,59508123.0
256,463875762.9,0.019999999999999574,9.49,9.5,9.43,9.46,2016-08-31 00:00:00.005,48974676.0
257,454848634.29999995,-0.040000000000000924,9.45,9.52,9.42,9.49,2016-09-01 00:00:00.005,48013121.0
258,348054367.09999996,0.0,9.45,9.46,9.42,9.43,2016-09-02 00:00:00.005,36879633.0
259,443204803.59999996,-0.02999999999999936,9.42,9.46,9.4,9.46,2016-09-05 00:00:00.005,46993656.0
260,539813283.6,-0.009999999999999787,9.41,9.43,9.36,9.42,2016-09-06 00:00:00.005,57473832.99999999
261,431984158.6,-0.009999999999999787,9.4,9.42,9.37,9.41,2016-09-07 00:00:00.005,45937329.0
262,277503757.8,0.0,9.4,9.42,9.38,9.39,2016-09-08 00:00:00.005,29521845.0
263,307527271.2,-0.019999999999999574,9.38,9.43,9.36,9.4,2016-09-09 00:00:00.005,32743143.0
264,697759184.0999999,-0.22000000000000064,9.16,9.32,9.13,9.29,2016-09-12 00:00:00.005,75658173.0
265,423113832.0,0.02999999999999936,9.19,9.21,9.14,9.18,2016-09-13 00:00:00.005,46093142.0
266,384081266.5,-0.129999999999999,9.06,9.18,9.05,9.17,2016-09-14 00:00:00.005,42148125.0
267,322575925.9,0.05999999999999872,9.12,9.14,9.05,9.05,2016-09-19 00:00:00.005,35434870.0
268,396359321.3,-0.03999999999999915,9.08,9.12,9.04,9.12,2016-09-20 00:00:00.005,43667897.0
269,367767497.5,0.0,9.08,9.1,9.03,9.08,2016-09-21 00:00:00.005,40566533.0
270,451909020.5,0.08000000000000007,9.16,9.18,9.09,9.1,2016-09-22 00:00:00.005,49461323.0
271,264699513.1,-0.009999999999999787,9.15,9.19,9.14,9.16,2016-09-23 00:00:00.005,28879877.0
272,398771864.9,-0.11000000000000121,9.04,9.13,9.04,9.13,2016-09-26 00:00:00.005,43948186.0
273,362769231.0,0.02000000000000135,9.06,9.07,9.01,9.04,2016-09-27 00:00:00.005,40132367.0
274,245499467.89999998,-0.009999999999999787,9.05,9.06,9.03,9.06,2016-09-28 00:00:00.005,27136600.0
275,275239667.4,0.009999999999999787,9.06,9.08,9.05,9.05,2016-09-29 00:00:00.005,30366428.999999996
276,279526475.6,0.009999999999999787,9.07,9.1,9.05,9.06,2016-09-30 00:00:00.005,30808486.0
277,557122276.5,0.049999999999998934,9.12,9.17,9.08,9.1,2016-10-10 00:00:00.005,61138159.0
278,331886515.5,0.030000000000001137,9.15,9.15,9.11,9.13,2016-10-11 00:00:00.005,36337078.0
279,246995531.0,-0.019999999999999574,9.13,9.16,9.12,9.14,2016-10-12 00:00:00.005,27031620.0
280,574142476.3,-0.0600000000000005,9.07,9.11,9.05,9.08,2016-10-13 00:00:00.005,63236796.0
281,304218676.8,0.019999999999999574,9.09,9.09,9.04,9.06,2016-10-14 00:00:00.005,33541176.0
282,325582450.3,-0.03999999999999915,9.05,9.09,9.03,9.08,2016-10-17 00:00:00.005,35922316.0
283,537784120.4,0.03999999999999915,9.09,9.09,9.03,9.03,2016-10-18 00:00:00.005,59373709.0
284,438299029.5,-0.009999999999999787,9.08,9.11,9.05,9.09,2016-10-19 00:00:00.005,48263616.0
285,310966016.7,-0.009999999999999787,9.07,9.09,9.05,9.08,2016-10-20 00:00:00.005,34284457.0
286,621549845.0,0.0600000000000005,9.13,9.13,9.06,9.08,2016-10-21 00:00:00.005,68389677.0
287,844746080.6,0.10999999999999943,9.24,9.3,9.12,9.13,2016-10-24 00:00:00.005,91567704.0
288,461542701.1,-0.02999999999999936,9.21,9.26,9.18,9.25,2016-10-25 00:00:00.005,50075292.0
289,403750809.1,-0.0600000000000005,9.15,9.22,9.13,9.22,2016-10-26 00:00:00.005,44045213.0
290,296216914.8,0.009999999999999787,9.16,9.17,9.12,9.16,2016-10-27 00:00:00.005,32414055.0
291,497615050.8,0.009999999999999787,9.17,9.23,9.14,9.16,2016-10-28 00:00:00.005,54199774.0
292,450148883.0,-0.019999999999999574,9.15,9.16,9.09,9.15,2016-10-31 00:00:00.005,49359683.0
293,480117542.0,-0.009999999999999787,9.14,9.16,9.11,9.14,2016-11-01 00:00:00.005,52541566.0
294,576083788.0,-0.07000000000000028,9.07,9.14,9.05,9.14,2016-11-02 00:00:00.005,63358600.0
295,561464947.0,0.0600000000000005,9.13,9.14,9.05,9.06,2016-11-03 00:00:00.005,61687113.0
296,463831938.0,-0.02000000000000135,9.11,9.17,9.1,9.11,2016-11-04 00:00:00.005,50811757.0
297,452447930.0,0.009999999999999787,9.12,9.12,9.07,9.1,2016-11-07 00:00:00.005,49724012.0
298,736747217.0,0.030000000000001137,9.15,9.15,9.1,9.12,2016-11-08 00:00:00.005,80669498.0
299,656061960.0,-0.08000000000000007,9.07,9.14,9.01,9.14,2016-11-09 00:00:00.005,72261671.0
300,576898452.0,0.07000000000000028,9.14,9.16,9.1,9.1,2016-11-10 00:00:00.005,63199874.0
301,742969896.0,0.03999999999999915,9.18,9.18,9.11,9.14,2016-11-11 00:00:00.005,81226969.0
302,898058354.0,0.040000000000000924,9.22,9.25,9.16,9.16,2016-11-14 00:00:00.005,97507875.0
303,510596178.0,0.009999999999999787,9.23,9.24,9.18,9.2,2016-11-15 00:00:00.005,55434298.0
304,383425739.0,0.0,9.23,9.24,9.2,9.23,2016-11-16 00:00:00.005,41584240.0
305,464611128.0,-0.019999999999999574,9.21,9.22,9.18,9.22,2016-11-17 00:00:00.005,50532402.0
306,475289972.0,-0.030000000000001137,9.18,9.21,9.16,9.21,2016-11-18 00:00:00.005,51759734.0
307,785475676.0,0.0600000000000005,9.24,9.28,9.17,9.18,2016-11-21 00:00:00.005,85024326.0
308,1097408714.0,0.11999999999999922,9.36,9.36,9.23,9.24,2016-11-22 00:00:00.005,118025694.0
309,1660465709.0,0.08999999999999986,9.45,9.56,9.34,9.34,2016-11-23 00:00:00.005,175286943.0
310,738580569.0,0.02000000000000135,9.47,9.52,9.42,9.44,2016-11-24 00:00:00.005,77974884.0
311,968127766.0,0.14999999999999858,9.62,9.62,9.46,9.48,2016-11-25 00:00:00.005,101367499.0
312,1240686233.0,0.010000000000001563,9.63,9.78,9.6,9.69,2016-11-28 00:00:00.005,127968924.0
313,854308658.0,-0.010000000000001563,9.62,9.7,9.55,9.59,2016-11-29 00:00:00.005,88777923.0
314,985758449.0,-0.06999999999999851,9.55,9.72,9.5,9.65,2016-11-30 00:00:00.005,102596305.0
315,619633746.0,0.049999999999998934,9.6,9.63,9.55,9.57,2016-12-01 00:00:00.005,64600437.0
316,790044441.0,-0.049999999999998934,9.55,9.6,9.44,9.6,2016-12-02 00:00:00.005,82968650.0
317,723222053.0,-0.08999999999999986,9.46,9.54,9.41,9.5,2016-12-05 00:00:00.005,76436570.0
318,571585177.0,0.02999999999999936,9.49,9.52,9.45,9.48,2016-12-06 00:00:00.005,60290276.0
319,466085503.0,-0.009999999999999787,9.48,9.49,9.41,9.48,2016-12-07 00:00:00.005,49340476.0
320,638058504.0,0.03999999999999915,9.52,9.55,9.43,9.5,2016-12-08 00:00:00.005,67145216.0
321,1460778328.0,0.13000000000000078,9.65,9.75,9.48,9.5,2016-12-09 00:00:00.005,151419915.0
322,1206662616.0,-0.15000000000000036,9.5,9.77,9.44,9.65,2016-12-12 00:00:00.005,125687400.0
323,607769965.0,-0.08000000000000007,9.42,9.5,9.33,9.48,2016-12-13 00:00:00.005,64577156.99999999
324,564787516.0,-0.019999999999999574,9.4,9.51,9.4,9.42,2016-12-14 00:00:00.005,59770574.0
325,767751835.0,-0.15000000000000036,9.25,9.41,9.21,9.37,2016-12-15 00:00:00.005,82761287.0
326,366925349.0,0.0,9.25,9.29,9.21,9.24,2016-12-16 00:00:00.005,39681397.0
327,453899744.0,-0.05000000000000071,9.2,9.23,9.17,9.22,2016-12-19 00:00:00.005,49401064.0
328,580118167.0,-0.08999999999999986,9.11,9.2,9.08,9.2,2016-12-20 00:00:00.005,63663837.0
329,338201446.0,0.05000000000000071,9.16,9.16,9.11,9.12,2016-12-21 00:00:00.005,36992065.0
330,311546856.0,-0.019999999999999574,9.14,9.16,9.11,9.15,2016-12-22 00:00:00.005,34134124.0
331,348140451.0,-0.0600000000000005,9.08,9.14,9.07,9.14,2016-12-23 00:00:00.005,38291216.0
332,273934287.0,0.03999999999999915,9.12,9.13,9.02,9.06,2016-12-26 00:00:00.005,30205896.000000004
333,244788273.0,-0.03999999999999915,9.08,9.13,9.07,9.12,2016-12-27 00:00:00.005,26884124.0
334,304898614.0,-0.019999999999999574,9.06,9.11,9.04,9.08,2016-12-28 00:00:00.005,33605509.0
335,307183503.0,0.019999999999999574,9.08,9.09,9.05,9.07,2016-12-29 00:00:00.005,33875853.0
336,274882698.0,0.019999999999999574,9.1,9.1,9.06,9.08,2016-12-30 00:00:00.005,30260736.0
337,420595176.0,0.0600000000000005,9.16,9.18,9.09,9.11,2017-01-03 00:00:00.005,45984049.0
338,411503444.0,0.0,9.16,9.18,9.14,9.15,2017-01-04 00:00:00.005,44932953.0
339,315769693.0,0.009999999999999787,9.17,9.18,9.15,9.17,2017-01-05 00:00:00.005,34437291.0
340,327176433.0,-0.03999999999999915,9.13,9.17,9.11,9.17,2017-01-06 00:00:00.005,35815420.0
341,329994604.0,0.019999999999999574,9.15,9.17,9.11,9.13,2017-01-09 00:00:00.005,36108157.0
342,220575131.0,0.0,9.15,9.16,9.14,9.15,2017-01-10 00:00:00.005,24105395.0
343,277553207.0,-0.009999999999999787,9.14,9.17,9.13,9.14,2017-01-11 00:00:00.005,30343089.0
344,391869402.0,0.009999999999999787,9.15,9.17,9.13,9.13,2017-01-12 00:00:00.005,42800677.0
345,397601906.0,0.009999999999999787,9.16,9.19,9.12,9.14,2017-01-13 00:00:00.005,43430137.0
346,623025820.0,-0.019999999999999574,9.14,9.16,9.07,9.15,2017-01-16 00:00:00.005,68316586.0
347,498179703.0,0.009999999999999787,9.15,9.16,9.1,9.12,2017-01-17 00:00:00.005,54555237.0
348,526426595.0,0.019999999999999574,9.17,9.19,9.13,9.14,2017-01-18 00:00:00.005,57426939.0
349,402445639.0,0.009999999999999787,9.18,9.24,9.15,9.15,2017-01-19 00:00:00.005,43771286.0
350,361865155.0,0.040000000000000924,9.22,9.23,9.17,9.17,2017-01-20 00:00:00.005,39332857.0
351,388019072.0,0.0,9.22,9.26,9.2,9.22,2017-01-23 00:00:00.005,42029931.0
352,434787729.0,0.049999999999998934,9.27,9.28,9.2,9.23,2017-01-24 00:00:00.005,47024408.0
353,281976294.0,-0.009999999999999787,9.26,9.28,9.25,9.27,2017-01-25 00:00:00.005,30440196.000000004
354,391844286.0,0.07000000000000028,9.33,9.34,9.26,9.27,2017-01-26 00:00:00.005,42071258.0
355,292617943.0,-0.07000000000000028,9.26,9.36,9.23,9.34,2017-02-03 00:00:00.005,31547224.0
356,480441331.0,0.05000000000000071,9.31,9.32,9.26,9.26,2017-02-06 00:00:00.005,51678611.0
357,368755274.0,-0.009999999999999787,9.3,9.32,9.27,9.31,2017-02-07 00:00:00.005,39688497.0
358,333975401.0,0.0,9.3,9.3,9.24,9.29,2017-02-08 00:00:00.005,36027242.0
359,319201023.0,0.009999999999999787,9.31,9.33,9.28,9.3,2017-02-09 00:00:00.005,34285513.0
360,450701345.0,0.019999999999999574,9.33,9.36,9.31,9.32,2017-02-10 00:00:00.005,48274323.0
361,599951024.0,0.08000000000000007,9.41,9.44,9.33,9.34,2017-02-13 00:00:00.005,63836475.0
362,340318431.0,-0.009999999999999787,9.4,9.42,9.37,9.41,2017-02-14 00:00:00.005,36240460.0
363,716759655.0,0.049999999999998934,9.45,9.54,9.39,9.4,2017-02-15 00:00:00.005,75661306.0
364,388636225.0,0.010000000000001563,9.46,9.5,9.42,9.45,2017-02-16 00:00:00.005,41116113.0
365,400161795.0,-0.07000000000000028,9.39,9.49,9.37,9.46,2017-02-17 00:00:00.005,42377497.0
366,855710805.0,0.16999999999999993,9.56,9.58,9.4,9.4,2017-02-20 00:00:00.005,89875539.0
367,618761069.0,0.009999999999999787,9.57,9.62,9.54,9.55,2017-02-21 00:00:00.005,64658421.0
368,441528339.0,0.0,9.57,9.57,9.5,9.57,2017-02-22 00:00:00.005,46296611.0
369,319293836.0,-0.0600000000000005,9.51,9.57,9.48,9.55,2017-02-23 00:00:00.005,33532781.0
370,316020789.0,-0.009999999999999787,9.5,9.54,9.48,9.5,2017-02-24 00:00:00.005,33250014.0
371,384781015.0,-0.07000000000000028,9.43,9.5,9.42,9.5,2017-02-27 00:00:00.005,40734112.0
372,350366892.0,0.05000000000000071,9.48,9.51,9.42,9.43,2017-02-28 00:00:00.005,36971970.0
373,330157963.0,0.009999999999999787,9.49,9.55,9.47,9.49,2017-03-01 00:00:00.005,34699373.0
374,382395883.0,-0.0600000000000005,9.43,9.54,9.42,9.51,2017-03-02 00:00:00.005,40362870.0
375,321952549.0,-0.02999999999999936,9.4,9.43,9.36,9.41,2017-03-03 00:00:00.005,34265508.0
376,381212304.0,0.049999999999998934,9.45,9.46,9.39,9.4,2017-03-06 00:00:00.005,40451138.0
377,277747415.0,0.0,9.45,9.46,9.4,9.44,2017-03-07 00:00:00.005,29467282.0
378,230425150.0,-0.02999999999999936,9.42,9.45,9.4,9.43,2017-03-08 00:00:00.005,24443839.0
379,354813687.0,-0.03999999999999915,9.38,9.43,9.36,9.41,2017-03-09 00:00:00.005,37816992.0
380,366140052.0,0.019999999999999574,9.4,9.41,9.36,9.38,2017-03-10 00:00:00.005,39018225.0
381,513148481.0,0.03999999999999915,9.44,9.45,9.37,9.39,2017-03-13 00:00:00.005,54530443.99999999
382,381594066.0,0.0,9.44,9.46,9.41,9.43,2017-03-14 00:00:00.005,40448435.0
383,515943748.0,0.040000000000000924,9.48,9.48,9.42,9.42,2017-03-15 00:00:00.005,54656086.0
384,603450064.0,0.03999999999999915,9.52,9.53,9.45,9.48,2017-03-16 00:00:00.005,63595381.00000001
385,1482736995.0,-0.20999999999999908,9.31,9.46,9.3,9.45,2017-03-17 00:00:00.005,158364708.0
386,661887015.0,-0.0600000000000005,9.25,9.31,9.22,9.29,2017-03-20 00:00:00.005,71502177.0
387,511914333.0,-0.009999999999999787,9.24,9.26,9.2,9.25,2017-03-21 00:00:00.005,55464874.0
388,519331026.0,-0.08000000000000007,9.16,9.22,9.14,9.2,2017-03-22 00:00:00.005,56612363.0
389,398986562.0,0.03999999999999915,9.2,9.24,9.15,9.16,2017-03-23 00:00:00.005,43358829.0
390,653533829.0,-0.009999999999999787,9.19,9.24,9.16,9.2,2017-03-24 00:00:00.005,71082787.0
391,900094460.0,-0.049999999999998934,9.14,9.19,9.08,9.12,2017-03-27 00:00:00.005,98501205.0
392,439405816.0,-0.02000000000000135,9.12,9.17,9.1,9.16,2017-03-28 00:00:00.005,48137276.0
393,548060692.0,-0.009999999999999787,9.11,9.15,9.09,9.13,2017-03-29 00:00:00.005,60114068.00000001
394,623995512.0,-0.02999999999999936,9.08,9.12,9.06,9.12,2017-03-30 00:00:00.005,68728555.0
395,578579035.0,0.08999999999999986,9.17,9.18,9.08,9.08,2017-03-31 00:00:00.005,63312122.0
396,458567834.0,0.040000000000000924,9.21,9.22,9.15,9.16,2017-04-05 00:00:00.005,49915009.0
397,399118983.0,-0.010000000000001563,9.2,9.22,9.17,9.2,2017-04-06 00:00:00.005,43439147.0
398,473366404.0,0.0,9.2,9.22,9.17,9.19,2017-04-07 00:00:00.005,51484476.0
399,368682024.0,-0.019999999999999574,9.18,9.21,9.17,9.2,2017-04-10 00:00:00.005,40134394.0
400,560304072.0,-0.02999999999999936,9.15,9.19,9.09,9.17,2017-04-11 00:00:00.005,61243796.0
401,416101249.0,-0.030000000000001137,9.12,9.17,9.1,9.16,2017-04-12 00:00:00.005,45533653.0
402,325949861.0,0.0,9.12,9.14,9.1,9.11,2017-04-13 00:00:00.005,35744255.0
403,445637458.0,-0.03999999999999915,9.08,9.12,9.06,9.11,2017-04-14 00:00:00.005,49050050.0
404,483130499.0,0.019999999999999574,9.1,9.11,9.05,9.08,2017-04-17 00:00:00.005,53189218.00000001
405,304162860.0,-0.049999999999998934,9.05,9.1,9.05,9.09,2017-04-18 00:00:00.005,33537696.000000004
406,714963673.0,-0.14000000000000057,8.91,9.04,8.9,9.03,2017-04-19 00:00:00.005,79966857.0
407,390063543.0,0.009999999999999787,8.92,8.94,8.89,8.9,2017-04-20 00:00:00.005,43762999.0
408,291126076.0,0.05000000000000071,8.97,8.99,8.9,8.92,2017-04-21 00:00:00.005,32540817.0
409,352926394.0,-0.040000000000000924,8.93,8.98,8.89,8.97,2017-04-24 00:00:00.005,39499527.0
410,339230143.0,0.07000000000000028,9.0,9.01,8.93,8.93,2017-04-25 00:00:00.005,37793334.0
411,343316092.0,-0.009999999999999787,8.99,9.01,8.96,9.0,2017-04-26 00:00:00.005,38214706.0
412,346186989.0,-0.019999999999999574,8.97,8.98,8.91,8.97,2017-04-27 00:00:00.005,38739256.0
413,256106698.0,0.019999999999999574,8.99,8.99,8.92,8.96,2017-04-28 00:00:00.005,28644636.0
414,277665881.0,-0.05000000000000071,8.94,8.96,8.9,8.96,2017-05-02 00:00:00.005,31102609.999999996
415,249660877.0,-0.02999999999999936,8.91,8.93,8.89,8.92,2017-05-03 00:00:00.005,28031077.0
416,613783434.0,-0.16999999999999993,8.74,8.89,8.72,8.89,2017-05-04 00:00:00.005,69651707.0
417,539541739.0,-0.10999999999999943,8.63,8.76,8.58,8.74,2017-05-05 00:00:00.005,62370085.0
418,394424117.0,-0.0600000000000005,8.57,8.62,8.54,8.6,2017-05-08 00:00:00.005,46008989.0
419,279119676.0,0.07000000000000028,8.64,8.64,8.55,8.56,2017-05-09 00:00:00.005,32419446.000000004
420,498675307.0,0.02999999999999936,8.67,8.8,8.62,8.63,2017-05-10 00:00:00.005,57307768.00000001
421,436444282.0,0.02999999999999936,8.7,8.72,8.6,8.65,2017-05-11 00:00:00.005,50364355.0
422,809131900.0,0.20000000000000107,8.9,8.9,8.64,8.68,2017-05-12 00:00:00.005,91796819.0
423,476417671.0,-0.040000000000000924,8.86,8.95,8.81,8.89,2017-05-15 00:00:00.005,53657821.0
424,461069300.0,-0.019999999999999574,8.84,8.85,8.73,8.84,2017-05-16 00:00:00.005,52487232.99999999
425,365987542.0,-0.07000000000000028,8.77,8.81,8.75,8.81,2017-05-17 00:00:00.005,41733802.0
426,198765579.0,-0.03999999999999915,8.73,8.77,8.71,8.72,2017-05-18 00:00:00.005,22740112.0
427,256396867.0,-0.040000000000000924,8.69,8.76,8.68,8.74,2017-05-19 00:00:00.005,29427084.000000004
428,588546725.0,-0.009999999999999787,8.68,8.73,8.61,8.68,2017-05-22 00:00:00.005,67912005.0
429,702123772.0,0.10999999999999943,8.79,8.84,8.64,8.67,2017-05-23 00:00:00.005,80004019.0
430,466560635.0,0.02000000000000135,8.81,8.83,8.68,8.78,2017-05-24 00:00:00.005,53237668.99999999
431,1462763018.0,0.28999999999999915,9.1,9.14,8.78,8.79,2017-05-25 00:00:00.005,162154374.0
432,813387170.0,0.0,9.1,9.13,9.04,9.08,2017-05-26 00:00:00.005,89536576.0
433,948741889.0,0.09999999999999964,9.2,9.23,9.06,9.1,2017-05-31 00:00:00.005,103321095.0
434,519544675.0,-0.009999999999999787,9.19,9.23,9.12,9.2,2017-06-01 00:00:00.005,56618276.0
435,710119498.0,-0.019999999999999574,9.17,9.29,9.14,9.18,2017-06-02 00:00:00.005,77075706.0
436,573460396.0,-0.14000000000000057,9.03,9.17,8.99,9.13,2017-06-05 00:00:00.005,63413268.99999999
437,320520904.0,0.009999999999999787,9.04,9.06,8.99,9.01,2017-06-06 00:00:00.005,35534153.0
438,587357671.0,0.09000000000000163,9.13,9.15,9.01,9.02,2017-06-07 00:00:00.005,64572325.0
439,348860774.0,0.0,9.13,9.15,9.08,9.11,2017-06-08 00:00:00.005,38300448.0
440,628281688.0,0.019999999999999574,9.15,9.22,9.12,9.15,2017-06-09 00:00:00.005,68546808.0
441,461493689.0,-0.040000000000000924,9.11,9.19,9.1,9.15,2017-06-12 00:00:00.005,50457816.0
442,407876695.0,0.009999999999999787,9.12,9.14,9.05,9.11,2017-06-13 00:00:00.005,44843497.0
443,340596135.0,-0.03999999999999915,9.08,9.13,9.04,9.12,2017-06-14 00:00:00.005,37544431.0
444,305610500.0,-0.040000000000000924,9.04,9.08,9.03,9.08,2017-06-15 00:00:00.005,33779789.0
445,258559005.0,-0.019999999999999574,9.02,9.08,9.01,9.04,2017-06-16 00:00:00.005,28599103.999999996
446,446000772.0,0.11000000000000121,9.13,9.15,9.02,9.03,2017-06-19 00:00:00.005,48970481.0
447,286053883.0,-0.010000000000001563,9.12,9.16,9.09,9.12,2017-06-20 00:00:00.005,31361559.999999996
448,454488888.0,0.030000000000001137,9.15,9.18,9.11,9.17,2017-06-21 00:00:00.005,49693219.0
449,1325210564.0,0.09999999999999964,9.25,9.4,9.14,9.15,2017-06-22 00:00:00.005,142695815.0
450,538303574.0,0.0,9.25,9.27,9.16,9.23,2017-06-23 00:00:00.005,58400441.0
451,663762850.0,0.05000000000000071,9.3,9.4,9.26,9.26,2017-06-26 00:00:00.005,71076995.0
452,509162008.0,0.05999999999999872,9.36,9.39,9.27,9.3,2017-06-27 00:00:00.005,54601613.0
453,1102438099.0,0.07000000000000028,9.43,9.49,9.33,9.35,2017-06-28 00:00:00.005,116879622.0
454,459810415.0,0.0,9.43,9.45,9.37,9.43,2017-06-29 00:00:00.005,48880457.0
455,468003516.0,-0.03999999999999915,9.39,9.43,9.31,9.4,2017-06-30 00:00:00.005,49963349.0
456,364465847.0,0.009999999999999787,9.4,9.43,9.34,9.4,2017-07-03 00:00:00.005,38834937.0
457,456577021.0,-0.0600000000000005,9.34,9.41,9.3,9.4,2017-07-04 00:00:00.005,48836253.0
458,529294113.99999994,0.02999999999999936,9.37,9.38,9.27,9.29,2017-07-05 00:00:00.005,56772000.0
459,691387184.0,0.030000000000001137,9.4,9.41,9.31,9.36,2017-07-06 00:00:00.005,73891186.0
460,717084352.0,0.07000000000000028,9.47,9.48,9.34,9.37,2017-07-07 00:00:00.005,76036958.0
461,1303090005.0,0.11999999999999922,9.59,9.66,9.44,9.45,2017-07-10 00:00:00.005,136081591.0
462,3842010171.0,0.6600000000000001,10.25,10.46,9.61,9.61,2017-07-11 00:00:00.005,381208660.0
463,3113681338.0,0.08999999999999986,10.34,10.58,10.2,10.27,2017-07-12 00:00:00.005,299884401.0
464,3180144566.0,0.5600000000000005,10.9,10.9,10.24,10.3,2017-07-13 00:00:00.005,299453432.0
465,1864449201.0,-1.7763568394002505e-15,10.9,10.94,10.66,10.81,2017-07-14 00:00:00.005,172257026.0
466,3608692279.0,-0.09000000000000163,10.81,11.33,10.72,10.95,2017-07-17 00:00:00.005,327312315.0
467,2558433986.0,0.23999999999999844,11.05,11.14,10.62,10.75,2017-07-18 00:00:00.005,234943191.0
468,2131336294.0000002,0.03999999999999915,11.09,11.19,10.88,10.99,2017-07-19 00:00:00.005,193307592.0
469,1695060974.0,-0.11999999999999922,10.97,11.22,10.91,11.08,2017-07-20 00:00:00.005,153733858.0
470,1625416436.0,0.07999995578916774,10.89,10.95,10.69,10.83,2017-07-21 00:00:00.005,150102000.0
471,1846886678.0,0.05999999999999872,10.95,11.06,10.73,10.82,2017-07-24 00:00:00.005,169266444.0
472,2172114597.0,0.05000000000000071,11.0,11.27,10.95,10.98,2017-07-25 00:00:00.005,195476835.0
473,1846282151.0,-0.259999999999998,10.74,11.18,10.66,10.92,2017-07-26 00:00:00.005,169741211.0
474,1273888886.0,-0.15000000000000036,10.59,10.77,10.53,10.72,2017-07-27 00:00:00.005,119449039.99999999
475,877769279.0,0.15000000000000036,10.74,10.81,10.58,10.61,2017-07-28 00:00:00.005,81919535.0
476,1671814035.0,-0.07000000000000028,10.67,10.82,10.45,10.8,2017-07-31 00:00:00.005,157586439.0
477,2222887933.0,0.3699999999999992,11.04,11.08,10.6,10.64,2017-08-01 00:00:00.005,203570991.0
478,2307726682.0,0.11000000000000121,11.15,11.34,10.96,11.05,2017-08-02 00:00:00.005,206206907.0
479,1090954131.0,-0.14000000000000057,11.01,11.22,10.97,11.14,2017-08-03 00:00:00.005,98421938.0
480,1511389828.0,0.16000000000000014,11.17,11.29,10.93,11.0,2017-08-04 00:00:00.005,135395156.0
481,946975699.0,-0.16999999999999993,11.0,11.17,10.9,11.06,2017-08-07 00:00:00.005,86064427.0
482,758872028.0,0.05000000000000249,11.05,11.11,10.91,11.0,2017-08-08 00:00:00.005,68956744.0
483,1126512107.0,-0.3199999999999985,10.73,11.02,10.68,10.96,2017-08-09 00:00:00.005,104232181.0
484,1026676005.0,-0.11000000000000121,10.62,10.82,10.54,10.7,2017-08-10 00:00:00.005,95987996.0
485,2501779371.0,-0.5999999999999996,10.02,10.54,9.99,10.48,2017-08-11 00:00:00.005,244064335.0
486,1175479138.0,0.20000000000000107,10.22,10.25,10.04,10.13,2017-08-14 00:00:00.005,115766463.99999999
487,1116749994.0,0.08999999999999986,10.31,10.51,10.21,10.24,2017-08-15 00:00:00.005,107516235.00000001
488,778517621.0,0.02999999999999936,10.34,10.37,10.15,10.29,2017-08-16 00:00:00.005,75680602.0
489,573093949.0,0.08000000000000007,10.42,10.42,10.29,10.35,2017-08-17 00:00:00.005,55364211.0
490,643188717.0,0.019999999999997797,10.44,10.6,10.29,10.36,2017-08-18 00:00:00.005,61652041.0
491,417653110.0,0.02000000000000135,10.46,10.52,10.39,10.43,2017-08-21 00:00:00.005,39915487.0
492,922881865.0,0.1899999999999995,10.65,10.66,10.37,10.48,2017-08-22 00:00:00.005,87568181.0
493,1430051908.0,0.25,10.9,10.98,10.59,10.63,2017-08-23 00:00:00.005,131915189.99999999
494,1014933651.0,0.02999999999999936,10.93,11.11,10.84,10.89,2017-08-24 00:00:00.005,92424863.0
495,1068994547.0,0.17999999999999972,11.11,11.17,10.9,10.94,2017-08-25 00:00:00.005,96394000.0
496,1828380086.0,0.2400000000000002,11.35,11.54,11.1,11.1,2017-08-28 00:00:00.005,160393832.0
497,1569230034.0,0.3200000000000003,11.67,11.74,11.28,11.3,2017-08-29 00:00:00.005,135798373.0
498,1264128140.0,-0.2400000000000002,11.43,11.7,11.35,11.68,2017-08-30 00:00:00.005,109667476.0
499,1297730595.0,-0.15000000000000036,11.28,11.44,11.15,11.39,2017-08-31 00:00:00.005,115178646.0
500,1080996319.0,-0.06999999999999851,11.21,11.39,11.15,11.28,2017-09-01 00:00:00.005,95997689.0
501,1551875033.0,0.5099999999999998,11.72,11.72,11.17,11.18,2017-09-04 00:00:00.005,135232557.0
502,1513759541.0,-0.0799999999999983,11.64,11.94,11.6,11.68,2017-09-05 00:00:00.005,128751876.0
503,925519043.0,0.05999999999999872,11.7,11.88,11.48,11.59,2017-09-06 00:00:00.005,79162155.0
504,711036421.0,-0.2599999999999998,11.44,11.75,11.39,11.65,2017-09-07 00:00:00.005,61418724.0
505,553644520.0,0.05000000000000071,11.49,11.64,11.38,11.46,2017-09-08 00:00:00.005,48127615.0
506,801825014.0,-0.10999999999999943,11.38,11.69,11.3,11.54,2017-09-11 00:00:00.005,69947275.0
507,962032172.0,0.15999999999999837,11.54,11.54,11.27,11.38,2017-09-12 00:00:00.005,84618342.0
